{"base_link": [[0.0111, -0.04, -0.015], [0.0111, -0.013333333333333332, -0.015], [0.0111, 0.013333333333333336, -0.015], [0.0111, 0.04, -0.015], [0.0111, -0.04, -0.035], [0.0111, -0.013333333333333332, -0.035], [0.0111, 0.013333333333333336, -0.035], [0.0111, 0.04, -0.035], [0.0111, -0.04, -0.055], [0.0111, -0.01, -0.055], [0.0111, -0.04, -0.075], [0.0111, -0.01, -0.075]], "link_0.0": [], "link_1.0": [[0.0098, -0.004583333333333333, 0.0108], [0.0098, -0.004583333333333333, 0.0216], [0.0098, -0.004583333333333333, 0.0324], [0.0098, -0.004583333333333333, 0.0432], [0.0098, 0.004583333333333333, 0.0108], [0.0098, 0.004583333333333333, 0.0216], [0.0098, 0.004583333333333333, 0.0324], [0.0098, 0.004583333333333333, 0.0432]], "link_2.0": [[0.0098, -0.004583333333333333, 0.0096], [0.0098, -0.004583333333333333, 0.0192], [0.0098, -0.004583333333333333, 0.0288], [0.0098, 0.004583333333333333, 0.0096], [0.0098, 0.004583333333333333, 0.0192], [0.0098, 0.004583333333333333, 0.0288]], "link_3.0": [[0.0098, 0, 0.01335], [0.0098, -0.004583333333333333, 0.0089], [0.0098, -0.004583333333333333, 0.0178], [0.0098, 0.004583333333333333, 0.0089], [0.0098, 0.004583333333333333, 0.0178]], "link_3.0_tip": [[0.0069665836855565665, -0.009588679832249493, 0.0018772135804827712], [0.010007194171886646, -0.0063507585357505955, 0.0018772135804827712], [0.011642323975919744, -0.0022208920759405185, 0.0018772135804827712], [0.011642323975919744, 0.0022208920759405164, 0.0018772135804827712], [0.010007194171886646, 0.006350758535750594, 0.0018772135804827712], [0.0069665836855565665, 0.009588679832249493, 0.0018772135804827712], [0.0060087416665518326, -0.00827032339462377, 0.006284645935371594], [0.009108476277993079, -0.004641000469753765, 0.006284645935371594], [0.010222681911661799, 0.0, 0.006284645935371594], [0.009108476277993079, 0.004641000469753765, 0.006284645935371594], [0.0060087416665518326, 0.00827032339462377, 0.006284645935371594], [0.0032021870451335453, -0.004407432354888822, 0.010692078290260415], [0.00518124747736067, -0.0016834893564515408, 0.010692078290260415], [0.00518124747736067, 0.0016834893564515408, 0.010692078290260415], [0.0032021870451335453, 0.004407432354888822, 0.010692078290260415]], "link_4.0": [], "link_5.0": [[0.0098, -0.004583333333333333, 0.0108], [0.0098, -0.004583333333333333, 0.0216], [0.0098, -0.004583333333333333, 0.0324], [0.0098, -0.004583333333333333, 0.0432], [0.0098, 0.004583333333333333, 0.0108], [0.0098, 0.004583333333333333, 0.0216], [0.0098, 0.004583333333333333, 0.0324], [0.0098, 0.004583333333333333, 0.0432]], "link_6.0": [[0.0098, -0.004583333333333333, 0.0096], [0.0098, -0.004583333333333333, 0.0192], [0.0098, -0.004583333333333333, 0.0288], [0.0098, 0.004583333333333333, 0.0096], [0.0098, 0.004583333333333333, 0.0192], [0.0098, 0.004583333333333333, 0.0288]], "link_7.0": [[0.0098, 0, 0.01335], [0.0098, -0.004583333333333333, 0.0089], [0.0098, -0.004583333333333333, 0.0178], [0.0098, 0.004583333333333333, 0.0089], [0.0098, 0.004583333333333333, 0.0178]], "link_7.0_tip": [[0.0069665836855565665, -0.009588679832249493, 0.0018772135804827712], [0.010007194171886646, -0.0063507585357505955, 0.0018772135804827712], [0.011642323975919744, -0.0022208920759405185, 0.0018772135804827712], [0.011642323975919744, 0.0022208920759405164, 0.0018772135804827712], [0.010007194171886646, 0.006350758535750594, 0.0018772135804827712], [0.0069665836855565665, 0.009588679832249493, 0.0018772135804827712], [0.0060087416665518326, -0.00827032339462377, 0.006284645935371594], [0.009108476277993079, -0.004641000469753765, 0.006284645935371594], [0.010222681911661799, 0.0, 0.006284645935371594], [0.009108476277993079, 0.004641000469753765, 0.006284645935371594], [0.0060087416665518326, 0.00827032339462377, 0.006284645935371594], [0.0032021870451335453, -0.004407432354888822, 0.010692078290260415], [0.00518124747736067, -0.0016834893564515408, 0.010692078290260415], [0.00518124747736067, 0.0016834893564515408, 0.010692078290260415], [0.0032021870451335453, 0.004407432354888822, 0.010692078290260415]], "link_8.0": [], "link_9.0": [[0.0098, -0.004583333333333333, 0.0108], [0.0098, -0.004583333333333333, 0.0216], [0.0098, -0.004583333333333333, 0.0324], [0.0098, -0.004583333333333333, 0.0432], [0.0098, 0.004583333333333333, 0.0108], [0.0098, 0.004583333333333333, 0.0216], [0.0098, 0.004583333333333333, 0.0324], [0.0098, 0.004583333333333333, 0.0432]], "link_10.0": [[0.0098, -0.004583333333333333, 0.0096], [0.0098, -0.004583333333333333, 0.0192], [0.0098, -0.004583333333333333, 0.0288], [0.0098, 0.004583333333333333, 0.0096], [0.0098, 0.004583333333333333, 0.0192], [0.0098, 0.004583333333333333, 0.0288]], "link_11.0": [[0.0098, 0, 0.01335], [0.0098, -0.004583333333333333, 0.0089], [0.0098, -0.004583333333333333, 0.0178], [0.0098, 0.004583333333333333, 0.0089], [0.0098, 0.004583333333333333, 0.0178]], "link_11.0_tip": [[0.0069665836855565665, -0.009588679832249493, 0.0018772135804827712], [0.010007194171886646, -0.0063507585357505955, 0.0018772135804827712], [0.011642323975919744, -0.0022208920759405185, 0.0018772135804827712], [0.011642323975919744, 0.0022208920759405164, 0.0018772135804827712], [0.010007194171886646, 0.006350758535750594, 0.0018772135804827712], [0.0069665836855565665, 0.009588679832249493, 0.0018772135804827712], [0.0060087416665518326, -0.00827032339462377, 0.006284645935371594], [0.009108476277993079, -0.004641000469753765, 0.006284645935371594], [0.010222681911661799, 0.0, 0.006284645935371594], [0.009108476277993079, 0.004641000469753765, 0.006284645935371594], [0.0060087416665518326, 0.00827032339462377, 0.006284645935371594], [0.0032021870451335453, -0.004407432354888822, 0.010692078290260415], [0.00518124747736067, -0.0016834893564515408, 0.010692078290260415], [0.00518124747736067, 0.0016834893564515408, 0.010692078290260415], [0.0032021870451335453, 0.004407432354888822, 0.010692078290260415]], "link_12.0": [], "link_13.0": [], "link_14.0": [[0.0098, -0.004583333333333333, 0.010280000000000001], [0.0098, -0.004583333333333333, 0.020560000000000002], [0.0098, -0.004583333333333333, 0.030840000000000003], [0.0098, -0.004583333333333333, 0.041120000000000004], [0.0098, 0.004583333333333333, 0.010280000000000001], [0.0098, 0.004583333333333333, 0.020560000000000002], [0.0098, 0.004583333333333333, 0.030840000000000003], [0.0098, 0.004583333333333333, 0.041120000000000004]], "link_15.0": [[0.0098, -0.004583333333333333, 0.010575], [0.0098, -0.004583333333333333, 0.02115], [0.0098, -0.004583333333333333, 0.031724999999999996], [0.0098, 0.004583333333333333, 0.010575], [0.0098, 0.004583333333333333, 0.02115], [0.0098, 0.004583333333333333, 0.031724999999999996]], "link_15.0_tip": [[0.0069665836855565665, -0.009588679832249493, 0.0018772135804827712], [0.010007194171886646, -0.0063507585357505955, 0.0018772135804827712], [0.011642323975919744, -0.0022208920759405185, 0.0018772135804827712], [0.011642323975919744, 0.0022208920759405164, 0.0018772135804827712], [0.010007194171886646, 0.006350758535750594, 0.0018772135804827712], [0.0069665836855565665, 0.009588679832249493, 0.0018772135804827712], [0.0060087416665518326, -0.00827032339462377, 0.006284645935371594], [0.009108476277993079, -0.004641000469753765, 0.006284645935371594], [0.010222681911661799, 0.0, 0.006284645935371594], [0.009108476277993079, 0.004641000469753765, 0.006284645935371594], [0.0060087416665518326, 0.00827032339462377, 0.006284645935371594], [0.0032021870451335453, -0.004407432354888822, 0.010692078290260415], [0.00518124747736067, -0.0016834893564515408, 0.010692078290260415], [0.00518124747736067, 0.0016834893564515408, 0.010692078290260415], [0.0032021870451335453, 0.004407432354888822, 0.010692078290260415]]}